﻿<CustomObject Id="1" Name="Incident" CoLabel="Incident" Description="Incident" DesignerData="" IsAgentVisible="True" IsAnalyticsVisible="True" IsSubclass="False" IsMenu="False" IsMenuOnlyClass="False" HasLabels="False" HasDescription="False" HasNotes="False" HasFileAttachment="False" IsLogTransactionsEnabled="False" HasUserTransactions="False" HasSequence="False" AllowsSPMSuppression="False"><Package Name="RN" Id="1" /><InterfaceLabels><InterfaceLabel Language="en_US" Label="Incident" Description="Incident" /></InterfaceLabels><Keys /><Fields><Field Id="10103" Label="SerialNumber" Name="SerialNumber" DataTypeName="Text" DataType="2" IsNullable="True" IsList="False" IsLookup="False" IsCoReadOnly="False" IsAutoUpdate="False" IsSequence="False" IsSystemField="False" PackageId="5" PackageName="CP" MaxLength="15" Pattern="" Usage="PlainText" /><Field Id="10104" Label="PurchaseDate" Name="PurchaseDate" DataTypeName="Date" DataType="4" IsNullable="True" IsList="False" IsLookup="False" IsCoReadOnly="False" IsAutoUpdate="False" IsSequence="False" IsSystemField="False" PackageId="5" PackageName="CP" /><Field Id="10105" Label="RequestCallback" Name="RequestCallback" DataTypeName="Yes/No" DataType="3" IsNullable="True" IsList="False" IsLookup="False" IsCoReadOnly="False" IsAutoUpdate="False" IsSequence="False" IsSystemField="False" PackageId="5" PackageName="CP" /></Fields><Notes /></CustomObject><!--bf3Lz/Nt1J+Z6UBRR4InoaHe3zpmSjpLE2A=-->